{
  "LCDM": {
    "primary": {
      "chi2": 604.8461382336018,
      "x": [
        67.82145049191551,
        0.022341279189510236,
        0.12007239652027094,
        2.1076289861143156,
        0.9647138261760763
      ],
      "parts": {
        "planck_2018_lowl.TT": 23.53374536779478,
        "planck_2018_highl_plik.TTTEEE_lite": 581.3123928658069
      }
    },
    "with_phiphi": {
      "chi2": 614.3747400188421,
      "x": [
        67.81725258107272,
        0.022352397382279232,
        0.12006870155307996,
        2.1076802089184428,
        0.9645662586672897
      ],
      "parts": {
        "planck_2018_lowl.TT": 23.569628501195155,
        "planck_2018_highl_plik.TTTEEE_lite": 581.2793533980418,
        "planck_2018_lensing.native": 9.525758119605001
      }
    }
  },
  "SEDE": {
    "primary": {
      "chi2": 602.2976864701212,
      "x": [
        68.88369411832001,
        0.0224297529094577,
        0.11925082132905747,
        2.1044341028994493,
        0.9665789931265238
      ],
      "parts": {
        "planck_2018_lowl.TT": 22.354125933014416,
        "planck_2018_highl_plik.TTTEEE_lite": 579.9435605371068
      }
    },
    "with_phiphi": {
      "chi2": 612.1747115793472,
      "x": [
        68.88122000932229,
        0.02244041364250707,
        0.11926789184635458,
        2.103937520251044,
        0.966520571712732
      ],
      "parts": {
        "planck_2018_lowl.TT": 22.348737187002143,
        "planck_2018_highl_plik.TTTEEE_lite": 580.0036626539028,
        "planck_2018_lensing.native": 9.822311738442295
      }
    }
  },
  "summary": {
    "delta_primary_fullrefit": -2.548451763480557,
    "delta_joint_with_phiphi_fullrefit": -2.200028439494872,
    "delta_phiphi_at_joint": 0.2965536188372937,
    "seconds": 1079.3630590438843
  }
}