{
  "LCDM": {
    "joint": {
      "chi2": 2023.913289503171,
      "x": [
        68.45749062589557,
        0.02243153923331771,
        0.11865859390135726,
        2.1009343095025756,
        0.9680306891173751
      ],
      "parts": {
        "bao.desi_dr2.desi_bao_all": 11.977769702508827,
        "sn.pantheonplus": 1405.8270812606481,
        "planck_2018_lowl.TT": 22.8723978834974,
        "planck_2018_highl_plik.TTTEEE_lite": 583.026877066771,
        "bbn_prior": 0.20916358974565885
      }
    },
    "joint_phiphi": {
      "chi2": 2032.7521473852637,
      "x": [
        68.4619955994683,
        0.022442355332093614,
        0.11866314572868855,
        2.1011919258814604,
        0.9678514368363196
      ],
      "parts": {
        "bao.desi_dr2.desi_bao_all": 12.002936874059719,
        "sn.pantheonplus": 1405.8284217700461,
        "planck_2018_lowl.TT": 22.918961246207516,
        "planck_2018_highl_plik.TTTEEE_lite": 582.9533310370725,
        "planck_2018_lensing.native": 8.820958209025083,
        "bbn_prior": 0.2275382488527312
      }
    }
  },
  "SEDE": {
    "joint": {
      "chi2": 2020.398129997618,
      "x": [
        68.81518773986085,
        0.02241104709909841,
        0.11938556239883275,
        2.1050447286037888,
        0.9662087219907631
      ],
      "parts": {
        "bao.desi_dr2.desi_bao_all": 11.397377829442036,
        "sn.pantheonplus": 1406.5664530953627,
        "planck_2018_lowl.TT": 22.41326099019443,
        "planck_2018_highl_plik.TTTEEE_lite": 579.8445661421168,
        "bbn_prior": 0.17647194050178922
      }
    },
    "joint_phiphi": {
      "chi2": 2030.4443988184062,
      "x": [
        68.82363297003099,
        0.022418382086658948,
        0.119384301154805,
        2.104411133027987,
        0.9662613666425933
      ],
      "parts": {
        "bao.desi_dr2.desi_bao_all": 11.382890376551186,
        "sn.pantheonplus": 1406.5800181747957,
        "planck_2018_lowl.TT": 22.38705926538546,
        "planck_2018_highl_plik.TTTEEE_lite": 579.9178258116797,
        "planck_2018_lensing.native": 9.9887505809368,
        "bbn_prior": 0.18785460905743792
      }
    }
  },
  "summary": {
    "delta_joint_no_phiphi": -3.5151595055529015,
    "delta_joint_with_phiphi": -2.3077485668575264,
    "phiphi_penalty_at_joint": 1.1677923719117178,
    "seconds": 710.2195661067963
  }
}