{
 "z": [
  0.0,
  0.05,
  0.1,
  0.15000000000000002,
  0.2,
  0.25,
  0.30000000000000004,
  0.35000000000000003,
  0.4,
  0.45,
  0.5,
  0.55,
  0.6000000000000001,
  0.65,
  0.7000000000000001,
  0.75,
  0.8,
  0.8500000000000001,
  0.9,
  0.9500000000000001,
  1.0,
  1.05,
  1.1
 ],
 "ratio": {
  "0.05": [
   0.028240488338467262,
   0.02674813165799872,
   0.025428987516614487,
   0.024273396573741612,
   0.023271925027953166,
   0.022399030386194063,
   0.021632780213618474,
   0.02096258802993267,
   0.02037863260668127,
   0.019868742932521943,
   0.01942143318947931,
   0.019021538236116076,
   0.018653892276959683,
   0.018312374905122608,
   0.01799086166993713,
   0.017684191794391957,
   0.017387084241653916,
   0.017097250842551315,
   0.01681233859886322,
   0.01652956904585956,
   0.01624603958121762,
   0.015960289646729242,
   0.015670794610806116
  ],
  "0.1": [
   0.028204119715034892,
   0.02675507335225702,
   0.025456773139007627,
   0.024298495110846252,
   0.023271637480177132,
   0.02237325576475091,
   0.02160262910883981,
   0.02093703118365209,
   0.020354963936170423,
   0.01984414938427892,
   0.01939290938977778,
   0.01898937069869877,
   0.018621771960950273,
   0.018283570054573595,
   0.01796820642611907,
   0.017669436303546115,
   0.017380852816788916,
   0.017097063912421273,
   0.016812483368351394,
   0.016526773504342396,
   0.016239592158967753,
   0.015951037338922225,
   0.015661217781044234
  ],
  "0.2": [
   0.02814581947564676,
   0.026732254731851812,
   0.02546311864708839,
   0.024326737413166155,
   0.02331665184796794,
   0.02243400082484226,
   0.021677492943039,
   0.021012627732332145,
   0.020402395615932045,
   0.019867069351625855,
   0.019428940049440735,
   0.01904798383240691,
   0.01868334033380714,
   0.018338920166209194,
   0.018018981646932275,
   0.01771532599800474,
   0.017419480832738587,
   0.017125723658493852,
   0.016828124778023756,
   0.016528273924830028,
   0.016227851723391806,
   0.015928588632328156,
   0.015632310591426002
  ]
 },
 "fs8_lcdm_k0p1": [
  0.4148300639408105,
  0.42755629740723056,
  0.43848072935480836,
  0.44758613237009204,
  0.45486573500540867,
  0.4604663106272475,
  0.464549283510967,
  0.46724660351070385,
  0.46869635753474154,
  0.4690285638051492,
  0.46837606545363897,
  0.46685565515408717,
  0.46458435794997643,
  0.4616643502476739,
  0.4581961969790545,
  0.4542586952276555,
  0.44992886172429986,
  0.44527572105179364,
  0.4403662220879557,
  0.43524771806566187,
  0.42996565078248017,
  0.4245632875530024,
  0.4190822658855939
 ],
 "fs8_sede_k0p1": [
  0.42652998072559273,
  0.4389955975065804,
  0.44964303380782034,
  0.45846180181916935,
  0.4654512054926089,
  0.47076844116596217,
  0.4745847693854317,
  0.47702936021886294,
  0.4782366549893756,
  0.47833603669079233,
  0.477459240051322,
  0.475720950252592,
  0.4732357419203454,
  0.47010522273712646,
  0.4664291608300368,
  0.46228519030831255,
  0.4577490090479553,
  0.4528886285132656,
  0.4477698718727932,
  0.442440958520415,
  0.4369481175935528,
  0.4313355124054959,
  0.42564560451980166
 ]
}